rank,test_vid,test_gene,label,max_shared_frac_forward,best_train_vid_forward,best_train_gene_forward,n_tied_train_windows_forward,max_shared_frac_canonical,best_train_gene_canonical
1,13_32325701_C_T,BRCA2,0,0.34210526315789475,19_1219703_G_A,STK11,1,0.34210526315789475,STK11
2,13_32325741_C_T,BRCA2,0,0.34210526315789475,19_1219703_G_A,STK11,1,0.34210526315789475,STK11
3,13_32325750_T_C,BRCA2,0,0.3157894736842105,19_1219703_G_A,STK11,1,0.3157894736842105,STK11
4,13_32325696_A_G,BRCA2,0,0.3157894736842105,19_1219703_G_A,STK11,1,0.3157894736842105,STK11
5,7_140784730_C_T,BRAF,0,0.3026315789473684,9_132907554_A_G,TSC1,3,0.3026315789473684,TSC1
6,13_32380686_A_C,BRCA2,0,0.3026315789473684,3_10146298_C_T,VHL,2,0.3026315789473684,LDLR
7,7_140787300_CAAAAAAAA_C,BRAF,0,0.27631578947368424,9_84888982_A_ATTTTTTTTTTTTT,NTRK2,1,0.27631578947368424,NTRK2
8,7_140787279_C_T,BRAF,0,0.27631578947368424,9_84888982_A_ATTTTTTTTTTTTT,NTRK2,1,0.27631578947368424,NTRK2
9,7_140787300_C_CAA,BRAF,0,0.27631578947368424,9_84888982_A_ATTTTTTTTTTTTT,NTRK2,1,0.27631578947368424,NTRK2
10,7_140787300_C_CA,BRAF,0,0.27631578947368424,9_84888982_A_ATTTTTTTTTTTTT,NTRK2,1,0.27631578947368424,NTRK2
11,7_140787300_CA_C,BRAF,0,0.27631578947368424,9_84888982_A_ATTTTTTTTTTTTT,NTRK2,1,0.27631578947368424,NTRK2
12,7_140787300_C_CAAA,BRAF,0,0.27631578947368424,9_84888982_A_ATTTTTTTTTTTTT,NTRK2,1,0.27631578947368424,NTRK2
13,11_108367112_C_T,ATM,0,0.2631578947368421,22_29696915_C_T,NF2,1,0.2631578947368421,NF2
14,X_33283879_A_G,DMD,0,0.25,17_43057356_A_G,BRCA1,1,0.25,BRCA1
15,11_108317650_T_C,ATM,0,0.25,9_84870126_T_TATATATAC,NTRK2,1,0.23809523809523808,NTRK2
16,11_108317650_TATACACAC_T,ATM,0,0.25,9_84870126_T_TATATATAC,NTRK2,1,0.23809523809523808,NTRK2
17,11_108317654_C_T,ATM,0,0.25,9_84870126_T_TATATATAC,NTRK2,1,0.23809523809523808,NTRK2
18,X_33283874_T_C,DMD,0,0.25,17_43057356_A_G,BRCA1,1,0.25,BRCA1
19,22_23290924_G_A,BCR,0,0.25,17_7674639_C_A,TP53,1,0.25,TP53
20,X_33283876_G_A,DMD,0,0.25,17_43057356_A_G,BRCA1,1,0.25,BRCA1
