model,run,gene,n,n_pathogenic,n_benign,valid,auroc,ci_lo,ci_hi,accuracy,pred_pos_frac
m3,M3,ATM,5804,2715,3089,True,0.5,0.5,0.5,0.5322191592005513,0.0
m3,M3,BRCA2,5804,3970,1834,True,0.5,0.5,0.5,0.3159889731219848,0.0
m3,M3,DMD,5804,2392,3412,True,0.5,0.5,0.5,0.5878704341833219,0.0
m3,M3,NF1,5804,3440,2364,True,0.5,0.5,0.5,0.4073053066850448,0.0
m3,M3,CDH1,2673,979,1694,True,0.5,0.5,0.5,0.6337448559670782,0.0
m3,M3,ALK,2424,299,2125,True,0.5,0.5,0.5,0.8766501650165016,0.0
m3,M3,CACNA1S,1757,451,1306,True,0.5,0.5,0.5,0.7433124644280023,0.0
m3,M3,ARID1A,941,221,720,True,0.5,0.5,0.5,0.7651434643995749,0.0
m3,M3,BRAF,807,191,616,True,0.5,0.5,0.5,0.7633209417596035,0.0
m3,M3,F8,740,638,102,True,0.5,0.5,0.5,0.13783783783783785,0.0
m3,M3,CTNNB1,542,242,300,True,0.5,0.5,0.5,0.5535055350553506,0.0
m3,M3,ABL1,521,46,475,True,0.5,0.5,0.5,0.9117082533589251,0.0
m3,M3,FBXW7,101,32,69,True,0.5,0.5,0.5,0.6831683168316832,0.0
m3,M3,BCR,58,0,58,False,,,,1.0,0.0
nt,NT,ATM,5804,2715,3089,True,0.9116076948621229,0.9037904619955281,0.9193894457215446,0.8439007580978636,0.38439007580978635
nt,NT,BRCA2,5804,3970,1834,True,0.9133889943386742,0.905368431204521,0.9210446444720224,0.8254651964162646,0.5770158511371468
nt,NT,DMD,5804,2392,3412,True,0.9074196986241752,0.8987433704177046,0.9151550970118126,0.844934527911785,0.4386629910406616
nt,NT,NF1,5804,3440,2364,True,0.9398220153071263,0.9338696954816419,0.9460330519776993,0.8623363197794625,0.5115437629221227
nt,NT,CDH1,2673,979,1694,True,0.8866352794758403,0.8723863173354198,0.9010019049295132,0.8335203890759446,0.3367003367003367
nt,NT,ALK,2424,299,2125,True,0.7779201259098957,0.7467436211916256,0.8063180890395562,0.8523102310231023,0.1481023102310231
nt,NT,CACNA1S,1757,451,1306,True,0.8568231902561264,0.8356515699713669,0.8765248491260335,0.8355150825270348,0.2640865110984633
nt,NT,ARID1A,941,221,720,True,0.8162047511312217,0.7809980136213318,0.8457127986965196,0.7460148777895855,0.3655685441020191
nt,NT,BRAF,807,191,616,True,0.7533402461412932,0.7131351219924129,0.7924870227903271,0.7893432465923172,0.23172242874845106
nt,NT,F8,740,638,102,True,0.826587374761817,0.7822216814898137,0.8655293725803054,0.7472972972972973,0.6905405405405406
nt,NT,CTNNB1,542,242,300,True,0.9628925619834711,0.9474230121048085,0.9759314327136968,0.9095940959409594,0.45202952029520294
nt,NT,ABL1,521,46,475,True,0.8015102974828375,0.7310727260169231,0.864946533698225,0.7965451055662188,0.22648752399232247
nt,NT,FBXW7,101,32,69,True,0.8777173913043478,0.7925547055684042,0.9523154960981047,0.8514851485148515,0.3465346534653465
nt,NT,BCR,58,0,58,False,,,,0.8620689655172413,0.13793103448275862
dnabert2,DNABERT-2 seed 42,ATM,5804,2715,3089,True,0.7189858626254749,0.7062892918410978,0.7325241300742572,0.6321502412129566,0.2005513439007581
dnabert2,DNABERT-2 seed 42,BRCA2,5804,3970,1834,True,0.6614480468288609,0.6467611305995423,0.6763309659859205,0.5115437629221227,0.2758442453480358
dnabert2,DNABERT-2 seed 42,DMD,5804,2392,3412,True,0.7023747093672931,0.6895785720588432,0.7163135810190018,0.6395589248793935,0.31323225361819435
dnabert2,DNABERT-2 seed 42,NF1,5804,3440,2364,True,0.7086410621532286,0.6959777681950616,0.7218846273027876,0.545485871812543,0.21709166092350105
dnabert2,DNABERT-2 seed 42,CDH1,2673,979,1694,True,0.6815124702579434,0.6610066008366327,0.7019708469253741,0.6599326599326599,0.20202020202020202
dnabert2,DNABERT-2 seed 42,ALK,2424,299,2125,True,0.6448160535117057,0.6088887256359361,0.6785491540291699,0.7937293729372937,0.15800330033003301
dnabert2,DNABERT-2 seed 42,CACNA1S,1757,451,1306,True,0.7139842378515668,0.6864453724404064,0.740872927425747,0.7387592487194081,0.22083096186681844
dnabert2,DNABERT-2 seed 42,ARID1A,941,221,720,True,0.628657616892911,0.5866117091835256,0.6682228082187416,0.6886291179596175,0.206163655685441
dnabert2,DNABERT-2 seed 42,BRAF,807,191,616,True,0.736367036105256,0.6987428330234945,0.7735861902817536,0.7385377942998761,0.15117719950433706
dnabert2,DNABERT-2 seed 42,F8,740,638,102,True,0.6214733542319749,0.5598138593487475,0.6762846672819972,0.40405405405405403,0.3256756756756757
dnabert2,DNABERT-2 seed 42,CTNNB1,542,242,300,True,0.7152754820936639,0.6707428826009817,0.7542478494583376,0.6309963099630996,0.21033210332103322
dnabert2,DNABERT-2 seed 42,ABL1,521,46,475,True,0.6462242562929061,0.5605391028172865,0.7311704805491991,0.7735124760076776,0.19193857965451055
dnabert2,DNABERT-2 seed 42,FBXW7,101,32,69,True,0.6983695652173914,0.5957754199823165,0.7926412403783093,0.6435643564356436,0.2376237623762376
dnabert2,DNABERT-2 seed 42,BCR,58,0,58,False,,,,0.8448275862068966,0.15517241379310345
dnabert2,DNABERT-2 seed 1,ATM,5804,2715,3089,True,0.6801932479474784,0.6660783369374553,0.6943289444732151,0.6195727084769125,0.5191247415575465
dnabert2,DNABERT-2 seed 1,BRCA2,5804,3970,1834,True,0.6503139000519161,0.6343639039904718,0.6653452900954057,0.6064782908339077,0.562026188835286
dnabert2,DNABERT-2 seed 1,DMD,5804,2392,3412,True,0.6777585356816587,0.6631976257407397,0.6898907880915129,0.6130254996554101,0.5289455547898001
dnabert2,DNABERT-2 seed 1,NF1,5804,3440,2364,True,0.6684834041632235,0.6542787881421444,0.68324136801263,0.6078566505858028,0.5017229496898691
dnabert2,DNABERT-2 seed 1,CDH1,2673,979,1694,True,0.6415137003399609,0.6198082881611424,0.6616341520088452,0.6169098391320613,0.38047138047138046
dnabert2,DNABERT-2 seed 1,ALK,2424,299,2125,True,0.6334936061381075,0.6002993417189174,0.6660369015632174,0.6765676567656765,0.30981848184818483
dnabert2,DNABERT-2 seed 1,CACNA1S,1757,451,1306,True,0.7068994203794189,0.6786701818888519,0.7326902730006428,0.6858281161070006,0.29766647694934545
dnabert2,DNABERT-2 seed 1,ARID1A,941,221,720,True,0.6222285067873303,0.5788806606512129,0.6667164937334255,0.6609989373007439,0.31243358129649307
dnabert2,DNABERT-2 seed 1,BRAF,807,191,616,True,0.6755031617597063,0.6346503897650605,0.7122066303052501,0.6418835192069393,0.3990086741016109
dnabert2,DNABERT-2 seed 1,F8,740,638,102,True,0.6463212244145307,0.578733925375236,0.7088412478837368,0.6675675675675675,0.6648648648648648
dnabert2,DNABERT-2 seed 1,CTNNB1,542,242,300,True,0.6740771349862259,0.6283731149573896,0.7152724284281898,0.5940959409594095,0.5166051660516605
dnabert2,DNABERT-2 seed 1,ABL1,521,46,475,True,0.6381235697940504,0.5517476477699413,0.7247148635141262,0.72552783109405,0.2629558541266795
dnabert2,DNABERT-2 seed 1,FBXW7,101,32,69,True,0.7146739130434783,0.6113694735256459,0.8098659003831418,0.6435643564356436,0.49504950495049505
dnabert2,DNABERT-2 seed 1,BCR,58,0,58,False,,,,0.7931034482758621,0.20689655172413793
dnabert2,DNABERT-2 seed 2,ATM,5804,2715,3089,True,0.7213832484661608,0.7076425526979465,0.7348010317961987,0.6535148173673329,0.27842866988283943
dnabert2,DNABERT-2 seed 2,BRCA2,5804,3970,1834,True,0.6723300297487426,0.6570467160534407,0.6862161388702281,0.5554789800137836,0.3518263266712612
dnabert2,DNABERT-2 seed 2,DMD,5804,2392,3412,True,0.6901438754425655,0.6768679273188307,0.7042433631987406,0.6243969676085458,0.3907649896623019
dnabert2,DNABERT-2 seed 2,NF1,5804,3440,2364,True,0.7116279069767442,0.6981943468482829,0.7244610165374793,0.5959682977257064,0.29789800137835976
dnabert2,DNABERT-2 seed 2,CDH1,2673,979,1694,True,0.6822221793435462,0.6598070550872498,0.7025296390059087,0.6576879910213244,0.2768424990647213
dnabert2,DNABERT-2 seed 2,ALK,2424,299,2125,True,0.6226700767263427,0.5925050306447684,0.6554533399641265,0.7112211221122112,0.257013201320132
dnabert2,DNABERT-2 seed 2,CACNA1S,1757,451,1306,True,0.7167533098134824,0.6882320045783327,0.7414151471660889,0.7017643710870802,0.2896983494593056
dnabert2,DNABERT-2 seed 2,ARID1A,941,221,720,True,0.650062845651081,0.6060552158351328,0.6907999299495008,0.6843783209351754,0.28055260361317746
dnabert2,DNABERT-2 seed 2,BRAF,807,191,616,True,0.6869432923097845,0.6479461268641175,0.7277468754357381,0.711276332094176,0.19330855018587362
dnabert2,DNABERT-2 seed 2,F8,740,638,102,True,0.6299250107566537,0.5686977207880435,0.6882196898767384,0.45135135135135135,0.3891891891891892
dnabert2,DNABERT-2 seed 2,CTNNB1,542,242,300,True,0.7412121212121212,0.69723120652166,0.7792255494193958,0.6678966789667896,0.3062730627306273
dnabert2,DNABERT-2 seed 2,ABL1,521,46,475,True,0.6472768878718536,0.5638157957022899,0.7291669867951414,0.72552783109405,0.2591170825335892
dnabert2,DNABERT-2 seed 2,FBXW7,101,32,69,True,0.6326992753623188,0.5253789050987328,0.7379077071019795,0.5841584158415841,0.27722772277227725
dnabert2,DNABERT-2 seed 2,BCR,58,0,58,False,,,,0.8103448275862069,0.1896551724137931
dnabert2,DNABERT-2 seed 3,ATM,5804,2715,3089,True,0.6681593988530561,0.6545671054177012,0.6819258863238804,0.6073397656788422,0.36181943487250173
dnabert2,DNABERT-2 seed 3,BRCA2,5804,3970,1834,True,0.6446216031358416,0.6277977712243953,0.6596930473561854,0.5558235699517574,0.4217780840799449
dnabert2,DNABERT-2 seed 3,DMD,5804,2392,3412,True,0.6827671100816712,0.6690586530414353,0.6961968381797691,0.6202618883528601,0.4665747760165403
dnabert2,DNABERT-2 seed 3,NF1,5804,3440,2364,True,0.6634819654310786,0.64917147906284,0.6787895568444297,0.5677119228118539,0.3561337008959338
dnabert2,DNABERT-2 seed 3,CDH1,2673,979,1694,True,0.6437013167907402,0.6214538719110375,0.6631579585345703,0.6281331836887393,0.30190796857463525
dnabert2,DNABERT-2 seed 3,ALK,2424,299,2125,True,0.629648632697226,0.5950391509229048,0.6622919805398619,0.7508250825082509,0.21245874587458746
dnabert2,DNABERT-2 seed 3,CACNA1S,1757,451,1306,True,0.7097431944666098,0.6811804126913408,0.7371752530478464,0.7268070574843484,0.2373363688104724
dnabert2,DNABERT-2 seed 3,ARID1A,941,221,720,True,0.6180492709904475,0.5771919276428488,0.6611445500595606,0.6695005313496281,0.26567481402763016
dnabert2,DNABERT-2 seed 3,BRAF,807,191,616,True,0.7222198612905419,0.683163323308794,0.7593007270940122,0.7273853779429987,0.22428748451053285
dnabert2,DNABERT-2 seed 3,F8,740,638,102,True,0.654450181326449,0.5926253731226324,0.7153768231450911,0.5445945945945946,0.49864864864864866
dnabert2,DNABERT-2 seed 3,CTNNB1,542,242,300,True,0.7277548209366391,0.6875400927835351,0.7667157589654932,0.6605166051660517,0.34317343173431736
dnabert2,DNABERT-2 seed 3,ABL1,521,46,475,True,0.6358352402745996,0.5420424836601306,0.7177796282692683,0.6871401151631478,0.30518234165067176
dnabert2,DNABERT-2 seed 3,FBXW7,101,32,69,True,0.7128623188405797,0.606897677313417,0.8084619805481874,0.6237623762376238,0.4158415841584158
dnabert2,DNABERT-2 seed 3,BCR,58,0,58,False,,,,0.7586206896551724,0.2413793103448276
